-- Active: 1744025315676@@127.0.0.1@5432@beauty_salon
insert into clients (client_id, first_name, last_name, phone, email, registration_date) values (1, 'Costanza', 'Harriott', '181-188-7987', 'charriott0@upenn.edu', '11/21/2024');
insert into clients (client_id, first_name, last_name, phone, email, registration_date) values (2, 'Merell', 'Moscone', '965-487-7002', 'mmoscone1@nps.gov', '9/10/2024');
insert into clients (client_id, first_name, last_name, phone, email, registration_date) values (3, 'Gabie', 'Gerrard', '859-456-2113', 'ggerrard2@devhub.com', '11/25/2024');
insert into clients (client_id, first_name, last_name, phone, email, registration_date) values (4, 'Baryram', 'Minster', '648-597-3368', 'bminster3@macromedia.com', '5/26/2024');
insert into clients (client_id, first_name, last_name, phone, email, registration_date) values (5, 'Kali', 'Guthrie', '212-733-3807', 'kguthrie4@lycos.com', '7/19/2024');
insert into clients (client_id, first_name, last_name, phone, email, registration_date) values (6, 'Gabey', 'Corsham', '444-440-5445', 'gcorsham5@reference.com', '4/23/2025');
insert into clients (client_id, first_name, last_name, phone, email, registration_date) values (7, 'Sashenka', 'Aers', '520-198-8225', 'saers6@foxnews.com', '3/21/2025');
insert into clients (client_id, first_name, last_name, phone, email, registration_date) values (8, 'Lothario', 'Woolrich', '573-865-6059', 'lwoolrich7@icio.us', '7/1/2024');
insert into clients (client_id, first_name, last_name, phone, email, registration_date) values (9, 'Phil', 'Ellison', '896-274-5886', 'pellison8@simplemachines.org', '1/11/2025');
insert into clients (client_id, first_name, last_name, phone, email, registration_date) values (10, 'Rhonda', 'Jorat', '891-657-1651', 'rjorat9@canalblog.com', '7/24/2024');
insert into clients (client_id, first_name, last_name, phone, email, registration_date) values (11, 'Verile', 'Itzakovitz', '501-879-2919', 'vitzakovitza@cam.ac.uk', '4/5/2025');
insert into clients (client_id, first_name, last_name, phone, email, registration_date) values (12, 'Ernestus', 'Swedeland', '430-107-4683', 'eswedelandb@irs.gov', '9/23/2024');
insert into clients (client_id, first_name, last_name, phone, email, registration_date) values (13, 'Birgit', 'Catling', '663-955-7525', 'bcatlingc@devhub.com', '1/22/2025');
insert into clients (client_id, first_name, last_name, phone, email, registration_date) values (14, 'Gino', 'Bambury', '587-510-0949', 'gbamburyd@tumblr.com', '12/1/2024');
insert into clients (client_id, first_name, last_name, phone, email, registration_date) values (15, 'Clea', 'Antonik', '958-276-8231', 'cantonike@hao123.com', '8/28/2024');
insert into clients (client_id, first_name, last_name, phone, email, registration_date) values (16, 'Udall', 'Branche', '534-873-0131', 'ubranchef@xinhuanet.com', '10/7/2024');
insert into clients (client_id, first_name, last_name, phone, email, registration_date) values (17, 'Maison', 'Hanner', '673-674-4064', 'mhannerg@cpanel.net', '4/23/2025');
insert into clients (client_id, first_name, last_name, phone, email, registration_date) values (18, 'Reuben', 'Davison', '415-565-5610', 'rdavisonh@umich.edu', '3/31/2025');
insert into clients (client_id, first_name, last_name, phone, email, registration_date) values (19, 'Mort', 'Goranov', '178-124-7839', 'mgoranovi@ebay.com', '9/16/2024');
insert into clients (client_id, first_name, last_name, phone, email, registration_date) values (20, 'Melvin', 'Greenrodd', '143-537-3214', 'mgreenroddj@cornell.edu', '4/20/2025');
insert into clients (client_id, first_name, last_name, phone, email, registration_date) values (21, 'Florencia', 'Gonet', '153-131-3339', 'fgonetk@woothemes.com', '7/29/2024');
insert into clients (client_id, first_name, last_name, phone, email, registration_date) values (22, 'Aaren', 'Bees', '334-475-2237', 'abeesl@a8.net', '10/15/2024');
insert into clients (client_id, first_name, last_name, phone, email, registration_date) values (23, 'August', 'Thurby', '431-275-4593', 'athurbym@fc2.com', '12/6/2024');
insert into clients (client_id, first_name, last_name, phone, email, registration_date) values (24, 'Nannie', 'Brikner', '181-375-1762', 'nbriknern@cloudflare.com', '4/2/2025');
insert into clients (client_id, first_name, last_name, phone, email, registration_date) values (25, 'Aylmar', 'Dufore', '660-845-4580', 'aduforeo@friendfeed.com', '9/11/2024');
insert into clients (client_id, first_name, last_name, phone, email, registration_date) values (26, 'Stephenie', 'Feeley', '866-277-8902', 'sfeeleyp@nsw.gov.au', '12/11/2024');
insert into clients (client_id, first_name, last_name, phone, email, registration_date) values (27, 'Catie', 'Firbanks', '734-241-5230', 'cfirbanksq@biblegateway.com', '7/3/2024');
insert into clients (client_id, first_name, last_name, phone, email, registration_date) values (28, 'Merilee', 'Lamas', '538-910-6236', 'mlamasr@wunderground.com', '6/2/2024');
insert into clients (client_id, first_name, last_name, phone, email, registration_date) values (29, 'Katlin', 'Felderer', '425-130-7623', 'kfelderers@nasa.gov', '9/18/2024');
insert into clients (client_id, first_name, last_name, phone, email, registration_date) values (30, 'Martguerita', 'Debill', '293-636-9304', 'mdebillt@a8.net', '5/7/2024');
insert into clients (client_id, first_name, last_name, phone, email, registration_date) values (31, 'Hi', 'Altoft', '369-672-6066', 'haltoftu@abc.net.au', '2/27/2025');
insert into clients (client_id, first_name, last_name, phone, email, registration_date) values (32, 'Humfrid', 'Craske', '551-930-4287', 'hcraskev@yandex.ru', '6/3/2024');
insert into clients (client_id, first_name, last_name, phone, email, registration_date) values (33, 'Gretel', 'Juschke', '371-157-9019', 'gjuschkew@accuweather.com', '4/9/2025');
insert into clients (client_id, first_name, last_name, phone, email, registration_date) values (34, 'Mercedes', 'Iacomettii', '736-491-6259', 'miacomettiix@jiathis.com', '10/8/2024');
insert into clients (client_id, first_name, last_name, phone, email, registration_date) values (35, 'Culley', 'Forst', '454-791-5396', 'cforsty@kickstarter.com', '7/31/2024');
insert into clients (client_id, first_name, last_name, phone, email, registration_date) values (36, 'Dilan', 'Tansill', '515-173-8871', 'dtansillz@dedecms.com', '4/7/2025');
insert into clients (client_id, first_name, last_name, phone, email, registration_date) values (37, 'Bella', 'Spirritt', '866-240-2315', 'bspirritt10@smugmug.com', '2/11/2025');
insert into clients (client_id, first_name, last_name, phone, email, registration_date) values (38, 'Aharon', 'Skates', '179-637-2750', 'askates11@blogspot.com', '1/23/2025');
insert into clients (client_id, first_name, last_name, phone, email, registration_date) values (39, 'Euphemia', 'Cantle', '655-587-6062', 'ecantle12@theglobeandmail.com', '3/10/2025');
insert into clients (client_id, first_name, last_name, phone, email, registration_date) values (40, 'Marinna', 'Fife', '608-870-4772', 'mfife13@mozilla.com', '4/28/2025');
insert into clients (client_id, first_name, last_name, phone, email, registration_date) values (41, 'Nico', 'Slavin', '610-754-7213', 'nslavin14@163.com', '9/30/2024');
insert into clients (client_id, first_name, last_name, phone, email, registration_date) values (42, 'Cornelia', 'Josey', '207-401-0337', 'cjosey15@patch.com', '1/3/2025');
insert into clients (client_id, first_name, last_name, phone, email, registration_date) values (43, 'Diandra', 'Tilt', '807-700-9454', 'dtilt16@latimes.com', '5/4/2025');
insert into clients (client_id, first_name, last_name, phone, email, registration_date) values (44, 'Elspeth', 'Bennion', '369-728-6782', 'ebennion17@liveinternet.ru', '2/27/2025');
insert into clients (client_id, first_name, last_name, phone, email, registration_date) values (45, 'Winnie', 'Sambeck', '742-787-5747', 'wsambeck18@exblog.jp', '7/27/2024');
insert into clients (client_id, first_name, last_name, phone, email, registration_date) values (46, 'Shelia', 'Larder', '206-868-4525', 'slarder19@imgur.com', '4/2/2025');
insert into clients (client_id, first_name, last_name, phone, email, registration_date) values (47, 'Marcelia', 'Sirmond', '525-726-0461', 'msirmond1a@aboutads.info', '12/3/2024');
insert into clients (client_id, first_name, last_name, phone, email, registration_date) values (48, 'Jamesy', 'Martschik', '579-926-2864', 'jmartschik1b@chronoengine.com', '6/21/2024');
insert into clients (client_id, first_name, last_name, phone, email, registration_date) values (49, 'Carolann', 'Fairlam', '877-603-1502', 'cfairlam1c@360.cn', '12/15/2024');
insert into clients (client_id, first_name, last_name, phone, email, registration_date) values (50, 'Brita', 'Bercher', '896-682-4092', 'bbercher1d@china.com.cn', '6/24/2024');
insert into clients (client_id, first_name, last_name, phone, email, registration_date) values (51, 'Jami', 'Domenici', '942-931-9675', 'jdomenici1e@tiny.cc', '7/7/2024');
insert into clients (client_id, first_name, last_name, phone, email, registration_date) values (52, 'Friedrich', 'Klehyn', '826-487-5745', 'fklehyn1f@ehow.com', '1/3/2025');
insert into clients (client_id, first_name, last_name, phone, email, registration_date) values (53, 'Orlando', 'Fairlamb', '875-513-3437', 'ofairlamb1g@marketwatch.com', '8/2/2024');
insert into clients (client_id, first_name, last_name, phone, email, registration_date) values (54, 'Laural', 'Kinsey', '856-415-1984', 'lkinsey1h@ebay.com', '6/28/2024');
insert into clients (client_id, first_name, last_name, phone, email, registration_date) values (55, 'Aristotle', 'Cocksedge', '130-955-2534', 'acocksedge1i@yelp.com', '3/1/2025');
insert into clients (client_id, first_name, last_name, phone, email, registration_date) values (56, 'Daryl', 'Lightollers', '137-432-9255', 'dlightollers1j@shinystat.com', '10/24/2024');
insert into clients (client_id, first_name, last_name, phone, email, registration_date) values (57, 'Ashien', 'Airton', '571-706-9457', 'aairton1k@weibo.com', '8/9/2024');
insert into clients (client_id, first_name, last_name, phone, email, registration_date) values (58, 'Phillis', 'Bertelsen', '259-350-0614', 'pbertelsen1l@gravatar.com', '10/24/2024');
insert into clients (client_id, first_name, last_name, phone, email, registration_date) values (59, 'Gal', 'Hallgalley', '976-129-6355', 'ghallgalley1m@odnoklassniki.ru', '3/27/2025');
insert into clients (client_id, first_name, last_name, phone, email, registration_date) values (60, 'Bellina', 'Gavriel', '419-504-6197', 'bgavriel1n@nymag.com', '1/25/2025');
insert into clients (client_id, first_name, last_name, phone, email, registration_date) values (61, 'Roanna', 'Seint', '772-216-6647', 'rseint1o@utexas.edu', '11/3/2024');
insert into clients (client_id, first_name, last_name, phone, email, registration_date) values (62, 'Milka', 'Christoffersen', '964-584-9263', 'mchristoffersen1p@army.mil', '6/19/2024');
insert into clients (client_id, first_name, last_name, phone, email, registration_date) values (63, 'Rex', 'Gowdy', '419-687-1879', 'rgowdy1q@drupal.org', '11/18/2024');
insert into clients (client_id, first_name, last_name, phone, email, registration_date) values (64, 'Mickie', 'Lynds', '965-156-9734', 'mlynds1r@bloglines.com', '10/4/2024');
insert into clients (client_id, first_name, last_name, phone, email, registration_date) values (65, 'Arturo', 'Burthom', '573-109-0528', 'aburthom1s@army.mil', '6/2/2024');
insert into clients (client_id, first_name, last_name, phone, email, registration_date) values (66, 'Gilburt', 'Pesak', '735-796-5229', 'gpesak1t@e-recht24.de', '3/28/2025');
insert into clients (client_id, first_name, last_name, phone, email, registration_date) values (67, 'Elka', 'Shildrick', '852-876-9387', 'eshildrick1u@opensource.org', '9/30/2024');
insert into clients (client_id, first_name, last_name, phone, email, registration_date) values (68, 'Maighdiln', 'Necrews', '732-746-1401', 'mnecrews1v@chicagotribune.com', '4/8/2025');
insert into clients (client_id, first_name, last_name, phone, email, registration_date) values (69, 'Haze', 'Monery', '622-406-3097', 'hmonery1w@multiply.com', '7/21/2024');
insert into clients (client_id, first_name, last_name, phone, email, registration_date) values (70, 'Madalena', 'Toye', '411-457-7796', 'mtoye1x@hatena.ne.jp', '5/16/2024');
insert into clients (client_id, first_name, last_name, phone, email, registration_date) values (71, 'Winne', 'Spencock', '419-656-2441', 'wspencock1y@google.cn', '1/14/2025');
insert into clients (client_id, first_name, last_name, phone, email, registration_date) values (72, 'Germain', 'Learmond', '358-339-2880', 'glearmond1z@sun.com', '2/16/2025');
insert into clients (client_id, first_name, last_name, phone, email, registration_date) values (73, 'Tannie', 'Chapier', '528-382-2028', 'tchapier20@ibm.com', '11/23/2024');
insert into clients (client_id, first_name, last_name, phone, email, registration_date) values (74, 'Mickey', 'Gunthorpe', '191-373-3672', 'mgunthorpe21@cbsnews.com', '2/2/2025');
insert into clients (client_id, first_name, last_name, phone, email, registration_date) values (75, 'Linda', 'Gilson', '226-831-2240', 'lgilson22@amazon.de', '8/1/2024');
insert into clients (client_id, first_name, last_name, phone, email, registration_date) values (76, 'Gilburt', 'Gerrish', '624-251-1464', 'ggerrish23@webmd.com', '4/6/2025');
insert into clients (client_id, first_name, last_name, phone, email, registration_date) values (77, 'Feliza', 'Horsewood', '529-991-7156', 'fhorsewood24@hhs.gov', '10/26/2024');
insert into clients (client_id, first_name, last_name, phone, email, registration_date) values (78, 'Shaw', 'Gawkes', '355-888-4401', 'sgawkes25@merriam-webster.com', '8/31/2024');
insert into clients (client_id, first_name, last_name, phone, email, registration_date) values (79, 'Sergio', 'Astling', '245-126-4194', 'sastling26@berkeley.edu', '6/9/2024');
insert into clients (client_id, first_name, last_name, phone, email, registration_date) values (80, 'Mina', 'Tzarkov', '553-374-6343', 'mtzarkov27@wufoo.com', '7/16/2024');
insert into clients (client_id, first_name, last_name, phone, email, registration_date) values (81, 'Jermain', 'Quinnet', '469-177-5927', 'jquinnet28@bbb.org', '4/7/2025');
insert into clients (client_id, first_name, last_name, phone, email, registration_date) values (82, 'Lonee', 'Hindshaw', '651-282-8263', 'lhindshaw29@marketwatch.com', '3/4/2025');
insert into clients (client_id, first_name, last_name, phone, email, registration_date) values (83, 'Elke', 'Tamblingson', '941-656-1260', 'etamblingson2a@xinhuanet.com', '12/12/2024');
insert into clients (client_id, first_name, last_name, phone, email, registration_date) values (84, 'Benjamen', 'Ferrandez', '752-788-4613', 'bferrandez2b@deviantart.com', '12/22/2024');
insert into clients (client_id, first_name, last_name, phone, email, registration_date) values (85, 'Trula', 'Jelleman', '482-753-5314', 'tjelleman2c@yahoo.com', '5/16/2024');
insert into clients (client_id, first_name, last_name, phone, email, registration_date) values (86, 'Ferrell', 'Outerbridge', '509-809-1366', 'fouterbridge2d@mysql.com', '8/24/2024');
insert into clients (client_id, first_name, last_name, phone, email, registration_date) values (87, 'Rhonda', 'Ostrich', '447-586-7096', 'rostrich2e@squarespace.com', '4/15/2025');
insert into clients (client_id, first_name, last_name, phone, email, registration_date) values (88, 'Noe', 'Beddows', '409-559-1536', 'nbeddows2f@shareasale.com', '8/25/2024');
insert into clients (client_id, first_name, last_name, phone, email, registration_date) values (89, 'Brocky', 'Candelin', '832-540-9230', 'bcandelin2g@weebly.com', '11/13/2024');
insert into clients (client_id, first_name, last_name, phone, email, registration_date) values (90, 'Arther', 'Treece', '759-115-0268', 'atreece2h@list-manage.com', '9/30/2024');
insert into clients (client_id, first_name, last_name, phone, email, registration_date) values (91, 'Carlyn', 'Phebey', '817-173-7477', 'cphebey2i@dion.ne.jp', '5/28/2024');
insert into clients (client_id, first_name, last_name, phone, email, registration_date) values (92, 'Jermaine', 'Ewan', '505-441-2092', 'jewan2j@ehow.com', '4/26/2025');
insert into clients (client_id, first_name, last_name, phone, email, registration_date) values (93, 'Leontyne', 'Hindenburg', '692-396-3574', 'lhindenburg2k@sogou.com', '10/11/2024');
insert into clients (client_id, first_name, last_name, phone, email, registration_date) values (94, 'Jessamine', 'Challiner', '535-787-2490', 'jchalliner2l@java.com', '8/4/2024');
insert into clients (client_id, first_name, last_name, phone, email, registration_date) values (95, 'Sanders', 'Veel', '312-943-4372', 'sveel2m@utexas.edu', '4/4/2025');
insert into clients (client_id, first_name, last_name, phone, email, registration_date) values (96, 'Sidonia', 'Tran', '885-903-9452', 'stran2n@nih.gov', '2/15/2025');
insert into clients (client_id, first_name, last_name, phone, email, registration_date) values (97, 'Rowen', 'Fairbanks', '258-539-3659', 'rfairbanks2o@kickstarter.com', '7/13/2024');
insert into clients (client_id, first_name, last_name, phone, email, registration_date) values (98, 'Ashely', 'Weatherill', '958-851-9272', 'aweatherill2p@webmd.com', '2/4/2025');
insert into clients (client_id, first_name, last_name, phone, email, registration_date) values (99, 'Angelica', 'Marchington', '502-661-3204', 'amarchington2q@simplemachines.org', '11/3/2024');
insert into clients (client_id, first_name, last_name, phone, email, registration_date) values (100, 'Evyn', 'Gurys', '893-871-0393', 'egurys2r@mit.edu', '9/14/2024');
insert into employees (employee_id, first_name, last_name, position, phone, hire_date) values (1, 'Veronika', 'Bottomley', 'Legal', '514-168-0324', '2024-11-23');
insert into employees (employee_id, first_name, last_name, position, phone, hire_date) values (2, 'Tammie', 'Snowsill', 'Accounting', '539-803-4497', '2024-08-14');
insert into employees (employee_id, first_name, last_name, position, phone, hire_date) values (3, 'Ros', 'Thiem', 'Marketing', '326-523-7110', '2024-11-25');
insert into employees (employee_id, first_name, last_name, position, phone, hire_date) values (4, 'Jodie', 'Dike', 'Legal', '137-640-7510', '2025-04-26');
insert into employees (employee_id, first_name, last_name, position, phone, hire_date) values (5, 'Barrie', 'Tacker', 'Support', '554-775-3439', '2024-11-15');
insert into employees (employee_id, first_name, last_name, position, phone, hire_date) values (6, 'Latrena', 'Delieu', 'Engineering', '467-940-4703', '2024-09-04');
insert into employees (employee_id, first_name, last_name, position, phone, hire_date) values (7, 'Heidi', 'Dancey', 'Sales', '469-157-6405', '2024-06-26');
insert into employees (employee_id, first_name, last_name, position, phone, hire_date) values (8, 'Joby', 'Filtness', 'Accounting', '887-327-6234', '2025-03-18');
insert into employees (employee_id, first_name, last_name, position, phone, hire_date) values (9, 'Renell', 'Esseby', 'Services', '555-859-9970', '2025-05-01');
insert into employees (employee_id, first_name, last_name, position, phone, hire_date) values (10, 'Marielle', 'Grut', 'Business Development', '639-447-4125', '2025-04-12');
insert into employees (employee_id, first_name, last_name, position, phone, hire_date) values (11, 'Harri', 'Chant', 'Human Resources', '601-310-2150', '2024-10-08');
insert into employees (employee_id, first_name, last_name, position, phone, hire_date) values (12, 'Sonni', 'Kalker', 'Business Development', '475-140-3686', '2025-02-09');
insert into employees (employee_id, first_name, last_name, position, phone, hire_date) values (13, 'Yorgo', 'Mallabar', 'Training', '676-532-4297', '2025-03-26');
insert into employees (employee_id, first_name, last_name, position, phone, hire_date) values (14, 'Simonne', 'Doulton', 'Training', '550-124-8256', '2024-11-23');
insert into employees (employee_id, first_name, last_name, position, phone, hire_date) values (15, 'Lorne', 'Camp', 'Sales', '335-151-7652', '2024-11-10');
insert into employees (employee_id, first_name, last_name, position, phone, hire_date) values (16, 'Zachary', 'Pieters', 'Research and Development', '869-732-7809', '2025-01-20');
insert into employees (employee_id, first_name, last_name, position, phone, hire_date) values (17, 'Deana', 'Aspell', 'Legal', '595-514-7976', '2024-05-21');
insert into employees (employee_id, first_name, last_name, position, phone, hire_date) values (18, 'Benedikta', 'Rusted', 'Product Management', '913-471-3510', '2025-02-11');
insert into employees (employee_id, first_name, last_name, position, phone, hire_date) values (19, 'Harli', 'Buncom', 'Marketing', '640-548-4386', '2025-02-24');
insert into employees (employee_id, first_name, last_name, position, phone, hire_date) values (20, 'Jorie', 'Wrigglesworth', 'Business Development', '446-517-2803', '2025-01-26');
insert into employees (employee_id, first_name, last_name, position, phone, hire_date) values (21, 'Astra', 'Tchir', 'Research and Development', '478-438-8754', '2024-07-16');
insert into employees (employee_id, first_name, last_name, position, phone, hire_date) values (22, 'Kiersten', 'Heaphy', 'Product Management', '296-884-3947', '2024-06-28');
insert into employees (employee_id, first_name, last_name, position, phone, hire_date) values (23, 'Celia', 'Daniel', 'Business Development', '799-688-2770', '2024-12-11');
insert into employees (employee_id, first_name, last_name, position, phone, hire_date) values (24, 'Tracy', 'Eastwell', 'Business Development', '306-517-4030', '2024-09-23');
insert into employees (employee_id, first_name, last_name, position, phone, hire_date) values (25, 'Thorin', 'Oakinfold', 'Marketing', '616-353-8571', '2024-10-21');
insert into employees (employee_id, first_name, last_name, position, phone, hire_date) values (26, 'Arnie', 'Nano', 'Product Management', '476-600-9910', '2024-05-23');
insert into employees (employee_id, first_name, last_name, position, phone, hire_date) values (27, 'Robin', 'Cawtheray', 'Engineering', '951-379-7306', '2024-07-24');
insert into employees (employee_id, first_name, last_name, position, phone, hire_date) values (28, 'Price', 'Linn', 'Support', '831-222-3377', '2024-12-13');
insert into employees (employee_id, first_name, last_name, position, phone, hire_date) values (29, 'Harbert', 'Abercromby', 'Training', '163-683-8876', '2025-04-27');
insert into employees (employee_id, first_name, last_name, position, phone, hire_date) values (30, 'Jackson', 'Galliard', 'Training', '146-724-9167', '2024-11-23');
insert into employees (employee_id, first_name, last_name, position, phone, hire_date) values (31, 'Clemmy', 'de Grey', 'Sales', '889-770-5197', '2025-03-30');
insert into employees (employee_id, first_name, last_name, position, phone, hire_date) values (32, 'Barrie', 'O''Criane', 'Human Resources', '637-929-5976', '2024-09-20');
insert into employees (employee_id, first_name, last_name, position, phone, hire_date) values (33, 'Nathan', 'Minchell', 'Marketing', '190-984-4763', '2024-07-14');
insert into employees (employee_id, first_name, last_name, position, phone, hire_date) values (34, 'Genovera', 'MacIver', 'Engineering', '223-390-3181', '2025-03-18');
insert into employees (employee_id, first_name, last_name, position, phone, hire_date) values (35, 'Booth', 'Richfield', 'Human Resources', '371-414-7037', '2025-04-12');
insert into employees (employee_id, first_name, last_name, position, phone, hire_date) values (36, 'Raimundo', 'Eltune', 'Services', '645-955-6140', '2025-03-07');
insert into employees (employee_id, first_name, last_name, position, phone, hire_date) values (37, 'Elvira', 'Gilson', 'Accounting', '391-531-2365', '2024-11-03');
insert into employees (employee_id, first_name, last_name, position, phone, hire_date) values (38, 'Beatrice', 'Rupel', 'Support', '744-425-8020', '2024-06-05');
insert into employees (employee_id, first_name, last_name, position, phone, hire_date) values (39, 'Shel', 'Glassborow', 'Marketing', '808-775-5788', '2024-09-21');
insert into employees (employee_id, first_name, last_name, position, phone, hire_date) values (40, 'Hollis', 'Whiteley', 'Legal', '625-592-2197', '2024-11-26');
insert into employees (employee_id, first_name, last_name, position, phone, hire_date) values (41, 'Peterus', 'Carloni', 'Legal', '614-826-1233', '2025-04-05');
insert into employees (employee_id, first_name, last_name, position, phone, hire_date) values (42, 'Loella', 'Haffard', 'Human Resources', '268-196-5309', '2024-06-18');
insert into employees (employee_id, first_name, last_name, position, phone, hire_date) values (43, 'Wernher', 'Gilham', 'Support', '357-872-5260', '2024-06-23');
insert into employees (employee_id, first_name, last_name, position, phone, hire_date) values (44, 'Kelsey', 'Slingsby', 'Research and Development', '415-632-6513', '2024-10-24');
insert into employees (employee_id, first_name, last_name, position, phone, hire_date) values (45, 'Lorne', 'Slewcock', 'Training', '568-863-6838', '2024-06-15');
insert into employees (employee_id, first_name, last_name, position, phone, hire_date) values (46, 'Melitta', 'Shankland', 'Research and Development', '786-934-2276', '2024-06-02');
insert into employees (employee_id, first_name, last_name, position, phone, hire_date) values (47, 'Merry', 'Clooney', 'Services', '555-809-5735', '2025-03-28');
insert into employees (employee_id, first_name, last_name, position, phone, hire_date) values (48, 'Laurella', 'Penvarden', 'Accounting', '165-273-7630', '2025-03-12');
insert into employees (employee_id, first_name, last_name, position, phone, hire_date) values (49, 'Avie', 'Coll', 'Product Management', '501-591-7650', '2024-06-16');
insert into employees (employee_id, first_name, last_name, position, phone, hire_date) values (50, 'Ardisj', 'Reedyhough', 'Business Development', '856-955-3751', '2024-05-07');
insert into employees (employee_id, first_name, last_name, position, phone, hire_date) values (51, 'Skelly', 'Biasioli', 'Sales', '151-733-4602', '2024-12-18');
insert into employees (employee_id, first_name, last_name, position, phone, hire_date) values (52, 'Freddie', 'Lagde', 'Accounting', '740-352-6867', '2024-10-05');
insert into employees (employee_id, first_name, last_name, position, phone, hire_date) values (53, 'Willy', 'Upstell', 'Business Development', '155-452-1311', '2024-12-22');
insert into employees (employee_id, first_name, last_name, position, phone, hire_date) values (54, 'Reg', 'Burrells', 'Human Resources', '957-894-9556', '2024-07-11');
insert into employees (employee_id, first_name, last_name, position, phone, hire_date) values (55, 'Alys', 'Gornal', 'Legal', '478-848-1269', '2025-02-26');
insert into employees (employee_id, first_name, last_name, position, phone, hire_date) values (56, 'Anson', 'Gentreau', 'Training', '572-633-5754', '2024-10-15');
insert into employees (employee_id, first_name, last_name, position, phone, hire_date) values (57, 'Mohandas', 'Briamo', 'Services', '400-318-1949', '2024-12-10');
insert into employees (employee_id, first_name, last_name, position, phone, hire_date) values (58, 'Danell', 'McGrale', 'Accounting', '225-546-3597', '2025-04-01');
insert into employees (employee_id, first_name, last_name, position, phone, hire_date) values (59, 'Ariadne', 'Rigmond', 'Human Resources', '488-883-5817', '2024-12-30');
insert into employees (employee_id, first_name, last_name, position, phone, hire_date) values (60, 'Shena', 'Hymer', 'Services', '297-286-7532', '2024-07-01');
insert into employees (employee_id, first_name, last_name, position, phone, hire_date) values (61, 'Izak', 'Keddie', 'Support', '757-112-6176', '2024-09-29');
insert into employees (employee_id, first_name, last_name, position, phone, hire_date) values (62, 'Aloysia', 'Raspison', 'Human Resources', '175-300-6495', '2025-02-02');
insert into employees (employee_id, first_name, last_name, position, phone, hire_date) values (63, 'Jaquenetta', 'Aloigi', 'Training', '725-337-4854', '2025-02-02');
insert into employees (employee_id, first_name, last_name, position, phone, hire_date) values (64, 'Nikolai', 'Saller', 'Marketing', '314-448-6555', '2024-06-08');
insert into employees (employee_id, first_name, last_name, position, phone, hire_date) values (65, 'Conroy', 'Le Borgne', 'Engineering', '931-314-6233', '2024-10-11');
insert into employees (employee_id, first_name, last_name, position, phone, hire_date) values (66, 'Kareem', 'Trevna', 'Business Development', '109-864-3577', '2024-07-14');
insert into employees (employee_id, first_name, last_name, position, phone, hire_date) values (67, 'Nara', 'Tayloe', 'Engineering', '327-125-7174', '2024-06-12');
insert into employees (employee_id, first_name, last_name, position, phone, hire_date) values (68, 'Ermentrude', 'Burnie', 'Research and Development', '195-346-2008', '2024-09-15');
insert into employees (employee_id, first_name, last_name, position, phone, hire_date) values (69, 'Sophey', 'Hathorn', 'Product Management', '905-294-4700', '2025-02-21');
insert into employees (employee_id, first_name, last_name, position, phone, hire_date) values (70, 'Clareta', 'Croshaw', 'Accounting', '781-189-9984', '2024-11-20');
insert into employees (employee_id, first_name, last_name, position, phone, hire_date) values (71, 'Brian', 'Ammer', 'Sales', '356-867-1001', '2024-06-06');
insert into employees (employee_id, first_name, last_name, position, phone, hire_date) values (72, 'Joanne', 'Clowney', 'Accounting', '615-803-7562', '2024-12-19');
insert into employees (employee_id, first_name, last_name, position, phone, hire_date) values (73, 'Risa', 'Spurrior', 'Product Management', '875-426-8491', '2025-03-07');
insert into employees (employee_id, first_name, last_name, position, phone, hire_date) values (74, 'Pen', 'Poff', 'Marketing', '660-759-0854', '2025-02-27');
insert into employees (employee_id, first_name, last_name, position, phone, hire_date) values (75, 'Arlene', 'Purselowe', 'Research and Development', '473-129-0230', '2025-03-01');
insert into employees (employee_id, first_name, last_name, position, phone, hire_date) values (76, 'Felix', 'Sawyers', 'Legal', '134-848-3682', '2024-07-15');
insert into employees (employee_id, first_name, last_name, position, phone, hire_date) values (77, 'Cordelie', 'Plaxton', 'Legal', '707-522-1840', '2025-03-31');
insert into employees (employee_id, first_name, last_name, position, phone, hire_date) values (78, 'Monica', 'Tebbit', 'Business Development', '920-387-0327', '2025-04-25');
insert into employees (employee_id, first_name, last_name, position, phone, hire_date) values (79, 'Jere', 'Hammell', 'Research and Development', '321-870-1519', '2025-05-04');
insert into employees (employee_id, first_name, last_name, position, phone, hire_date) values (80, 'Lenee', 'Chatan', 'Accounting', '714-779-9999', '2025-04-11');
insert into employees (employee_id, first_name, last_name, position, phone, hire_date) values (81, 'Alex', 'MacDonald', 'Accounting', '401-403-7243', '2025-04-21');
insert into employees (employee_id, first_name, last_name, position, phone, hire_date) values (82, 'Gerrard', 'Mateev', 'Marketing', '281-414-6958', '2024-12-31');
insert into employees (employee_id, first_name, last_name, position, phone, hire_date) values (83, 'Jo ann', 'Pelman', 'Research and Development', '568-152-7411', '2024-09-09');
insert into employees (employee_id, first_name, last_name, position, phone, hire_date) values (84, 'Dougie', 'Gotcliff', 'Sales', '783-109-9520', '2024-06-29');
insert into employees (employee_id, first_name, last_name, position, phone, hire_date) values (85, 'Quentin', 'Shevill', 'Legal', '445-562-8655', '2025-03-11');
insert into employees (employee_id, first_name, last_name, position, phone, hire_date) values (86, 'Ainslee', 'Defries', 'Marketing', '504-652-3230', '2024-10-15');
insert into employees (employee_id, first_name, last_name, position, phone, hire_date) values (87, 'Cele', 'Mollindinia', 'Sales', '142-498-7100', '2024-11-10');
insert into employees (employee_id, first_name, last_name, position, phone, hire_date) values (88, 'Boycey', 'Perutto', 'Legal', '325-337-7805', '2024-05-31');
insert into employees (employee_id, first_name, last_name, position, phone, hire_date) values (89, 'Zed', 'Toler', 'Services', '836-666-6452', '2024-12-10');
insert into employees (employee_id, first_name, last_name, position, phone, hire_date) values (90, 'Hamilton', 'Cruddace', 'Research and Development', '827-594-1072', '2024-11-23');
insert into employees (employee_id, first_name, last_name, position, phone, hire_date) values (91, 'Kevan', 'Shearer', 'Human Resources', '998-206-1043', '2025-01-10');
insert into employees (employee_id, first_name, last_name, position, phone, hire_date) values (92, 'Rudd', 'Burgot', 'Business Development', '663-947-5428', '2024-10-13');
insert into employees (employee_id, first_name, last_name, position, phone, hire_date) values (93, 'Trescha', 'Spiniello', 'Sales', '207-376-9196', '2024-09-01');
insert into employees (employee_id, first_name, last_name, position, phone, hire_date) values (94, 'Pier', 'Shovlin', 'Training', '833-786-8284', '2024-08-30');
insert into employees (employee_id, first_name, last_name, position, phone, hire_date) values (95, 'Candy', 'Trass', 'Engineering', '821-459-7864', '2025-02-24');
insert into employees (employee_id, first_name, last_name, position, phone, hire_date) values (96, 'Sherline', 'Pope', 'Research and Development', '774-571-4583', '2025-03-04');
insert into employees (employee_id, first_name, last_name, position, phone, hire_date) values (97, 'Abdul', 'Dobbyn', 'Research and Development', '678-142-0194', '2024-06-07');
insert into employees (employee_id, first_name, last_name, position, phone, hire_date) values (98, 'Orlando', 'Brazur', 'Accounting', '347-456-5479', '2025-04-06');
insert into employees (employee_id, first_name, last_name, position, phone, hire_date) values (99, 'Stevana', 'Ambrozewicz', 'Business Development', '199-486-9316', '2024-09-02');
insert into employees (employee_id, first_name, last_name, position, phone, hire_date) values (100, 'Vittoria', 'Bagott', 'Legal', '229-699-1768', '2025-02-25');



insert into services (service_id, name, duration, price) VALUES (1, 'ногти', 30, 1000);
insert into services (service_id, name, duration, price) VALUES (2, 'прическа', 100, 3000);
insert into services (service_id, name, duration, price) VALUES (3, 'Макияж', 50, 2000);

insert into appointments (appointment_id, client_id, employee_id, service_id, appointment_date, start_time, status) values (1, 94, 87, 1, '2025-03-05 10:16:14', '2024-12-08 09:21:29', 'cancelled');
insert into appointments (appointment_id, client_id, employee_id, service_id, appointment_date, start_time, status) values (2, 79, 30, 1, '2025-03-08 16:32:58', '2024-09-05 04:41:40', 'cancelled');
insert into appointments (appointment_id, client_id, employee_id, service_id, appointment_date, start_time, status) values (3, 13, 95, 1, '2024-05-25 05:25:18', '2024-05-13 17:09:32', 'cancelled');
insert into appointments (appointment_id, client_id, employee_id, service_id, appointment_date, start_time, status) values (4, 61, 36, 2, '2024-11-22 08:25:10', '2024-11-11 01:03:05', 'scheduled');
insert into appointments (appointment_id, client_id, employee_id, service_id, appointment_date, start_time, status) values (5, 51, 65, 1, '2024-05-09 11:05:37', '2024-12-31 12:42:27', 'completed');
insert into appointments (appointment_id, client_id, employee_id, service_id, appointment_date, start_time, status) values (6, 5, 41, 3, '2024-11-18 10:46:33', '2025-01-12 06:00:15', 'cancelled');
insert into appointments (appointment_id, client_id, employee_id, service_id, appointment_date, start_time, status) values (7, 20, 73, 3, '2025-04-27 23:29:43', '2025-02-15 03:46:32', 'completed');
insert into appointments (appointment_id, client_id, employee_id, service_id, appointment_date, start_time, status) values (8, 18, 20, 1, '2024-07-07 00:33:47', '2024-11-27 03:18:49', 'completed');
insert into appointments (appointment_id, client_id, employee_id, service_id, appointment_date, start_time, status) values (9, 78, 40, 2, '2024-05-11 18:09:17', '2024-09-10 07:04:47', 'cancelled');
insert into appointments (appointment_id, client_id, employee_id, service_id, appointment_date, start_time, status) values (10, 36, 2, 1, '2024-09-03 06:14:35', '2025-04-09 01:22:45', 'completed');
insert into appointments (appointment_id, client_id, employee_id, service_id, appointment_date, start_time, status) values (11, 60, 58, 2, '2024-07-07 18:43:36', '2024-11-05 21:53:25', 'cancelled');
insert into appointments (appointment_id, client_id, employee_id, service_id, appointment_date, start_time, status) values (12, 53, 94, 2, '2024-05-24 00:20:53', '2025-02-23 13:47:10', 'completed');
insert into appointments (appointment_id, client_id, employee_id, service_id, appointment_date, start_time, status) values (13, 84, 58, 2, '2024-11-05 21:32:42', '2024-09-09 11:49:17', 'scheduled');
insert into appointments (appointment_id, client_id, employee_id, service_id, appointment_date, start_time, status) values (14, 71, 12, 2, '2024-06-07 05:51:53', '2025-03-14 06:10:40', 'completed');
insert into appointments (appointment_id, client_id, employee_id, service_id, appointment_date, start_time, status) values (15, 33, 96, 2, '2024-06-08 11:14:51', '2024-08-25 11:09:46', 'cancelled');
insert into appointments (appointment_id, client_id, employee_id, service_id, appointment_date, start_time, status) values (16, 72, 84, 3, '2025-04-02 01:09:34', '2024-09-08 16:02:00', 'cancelled');
insert into appointments (appointment_id, client_id, employee_id, service_id, appointment_date, start_time, status) values (17, 84, 61, 1, '2025-02-04 08:25:22', '2024-11-20 02:26:19', 'cancelled');
insert into appointments (appointment_id, client_id, employee_id, service_id, appointment_date, start_time, status) values (18, 87, 68, 3, '2025-04-14 22:52:36', '2024-10-02 11:40:43', 'scheduled');
insert into appointments (appointment_id, client_id, employee_id, service_id, appointment_date, start_time, status) values (19, 26, 35, 2, '2025-03-26 13:46:55', '2024-10-04 10:45:17', 'completed');
insert into appointments (appointment_id, client_id, employee_id, service_id, appointment_date, start_time, status) values (20, 13, 40, 2, '2025-03-23 09:15:48', '2025-03-01 18:08:14', 'cancelled');
insert into appointments (appointment_id, client_id, employee_id, service_id, appointment_date, start_time, status) values (21, 60, 6, 3, '2024-08-27 17:33:28', '2025-03-03 12:15:53', 'scheduled');
insert into appointments (appointment_id, client_id, employee_id, service_id, appointment_date, start_time, status) values (22, 53, 22, 3, '2024-07-28 03:39:36', '2025-04-09 06:47:37', 'cancelled');
insert into appointments (appointment_id, client_id, employee_id, service_id, appointment_date, start_time, status) values (23, 50, 72, 1, '2025-01-12 22:22:36', '2024-09-18 19:30:32', 'completed');
insert into appointments (appointment_id, client_id, employee_id, service_id, appointment_date, start_time, status) values (24, 82, 22, 1, '2024-10-18 20:25:29', '2025-04-15 02:51:40', 'scheduled');
insert into appointments (appointment_id, client_id, employee_id, service_id, appointment_date, start_time, status) values (25, 94, 100, 2, '2024-09-28 00:41:49', '2024-10-14 13:37:53', 'completed');
insert into appointments (appointment_id, client_id, employee_id, service_id, appointment_date, start_time, status) values (26, 86, 3, 1, '2024-12-09 13:33:17', '2024-08-14 02:45:28', 'cancelled');
insert into appointments (appointment_id, client_id, employee_id, service_id, appointment_date, start_time, status) values (27, 2, 70, 2, '2024-09-10 08:18:35', '2024-10-14 12:24:58', 'scheduled');
insert into appointments (appointment_id, client_id, employee_id, service_id, appointment_date, start_time, status) values (28, 20, 24, 2, '2025-02-08 17:05:58', '2024-08-04 23:41:52', 'scheduled');
insert into appointments (appointment_id, client_id, employee_id, service_id, appointment_date, start_time, status) values (29, 20, 95, 1, '2025-03-08 18:18:44', '2024-07-08 22:20:05', 'scheduled');
insert into appointments (appointment_id, client_id, employee_id, service_id, appointment_date, start_time, status) values (30, 42, 92, 1, '2025-02-18 14:54:46', '2024-10-27 08:33:39', 'scheduled');
insert into appointments (appointment_id, client_id, employee_id, service_id, appointment_date, start_time, status) values (31, 35, 9, 2, '2025-04-24 13:23:29', '2025-01-11 22:40:58', 'completed');
insert into appointments (appointment_id, client_id, employee_id, service_id, appointment_date, start_time, status) values (32, 97, 19, 2, '2024-07-14 13:37:48', '2025-02-14 19:24:18', 'scheduled');
insert into appointments (appointment_id, client_id, employee_id, service_id, appointment_date, start_time, status) values (33, 32, 65, 3, '2024-10-08 17:29:55', '2024-08-29 02:09:25', 'cancelled');
insert into appointments (appointment_id, client_id, employee_id, service_id, appointment_date, start_time, status) values (34, 99, 68, 2, '2024-06-19 16:39:01', '2024-11-04 23:57:20', 'cancelled');
insert into appointments (appointment_id, client_id, employee_id, service_id, appointment_date, start_time, status) values (35, 53, 91, 1, '2024-10-29 14:00:47', '2024-11-16 09:16:06', 'cancelled');
insert into appointments (appointment_id, client_id, employee_id, service_id, appointment_date, start_time, status) values (36, 69, 48, 3, '2024-12-28 15:13:42', '2025-02-22 20:55:24', 'cancelled');
insert into appointments (appointment_id, client_id, employee_id, service_id, appointment_date, start_time, status) values (37, 2, 25, 1, '2024-08-09 16:38:47', '2024-10-16 19:15:26', 'completed');
insert into appointments (appointment_id, client_id, employee_id, service_id, appointment_date, start_time, status) values (38, 87, 15, 1, '2024-12-24 06:04:21', '2024-08-30 10:38:30', 'cancelled');
insert into appointments (appointment_id, client_id, employee_id, service_id, appointment_date, start_time, status) values (39, 62, 46, 2, '2024-12-23 08:24:44', '2024-08-03 06:11:17', 'cancelled');
insert into appointments (appointment_id, client_id, employee_id, service_id, appointment_date, start_time, status) values (40, 91, 90, 2, '2025-01-27 06:47:44', '2024-10-16 15:43:12', 'scheduled');
insert into appointments (appointment_id, client_id, employee_id, service_id, appointment_date, start_time, status) values (41, 38, 30, 1, '2025-05-04 00:24:03', '2024-11-18 16:06:04', 'completed');
insert into appointments (appointment_id, client_id, employee_id, service_id, appointment_date, start_time, status) values (42, 10, 95, 3, '2024-10-26 08:36:52', '2024-10-15 22:14:48', 'scheduled');
insert into appointments (appointment_id, client_id, employee_id, service_id, appointment_date, start_time, status) values (43, 75, 71, 3, '2024-11-03 07:52:42', '2024-08-03 15:16:13', 'completed');
insert into appointments (appointment_id, client_id, employee_id, service_id, appointment_date, start_time, status) values (44, 19, 12, 3, '2024-10-22 20:57:17', '2024-07-07 18:47:34', 'cancelled');
insert into appointments (appointment_id, client_id, employee_id, service_id, appointment_date, start_time, status) values (45, 41, 34, 3, '2024-11-15 13:50:40', '2024-10-13 14:23:38', 'completed');
insert into appointments (appointment_id, client_id, employee_id, service_id, appointment_date, start_time, status) values (46, 13, 44, 1, '2025-02-10 04:05:49', '2024-08-02 01:52:07', 'completed');
insert into appointments (appointment_id, client_id, employee_id, service_id, appointment_date, start_time, status) values (47, 44, 43, 3, '2024-10-03 08:56:07', '2024-07-16 10:11:26', 'scheduled');
insert into appointments (appointment_id, client_id, employee_id, service_id, appointment_date, start_time, status) values (48, 91, 65, 1, '2025-01-14 08:36:51', '2024-06-12 09:10:20', 'completed');
insert into appointments (appointment_id, client_id, employee_id, service_id, appointment_date, start_time, status) values (49, 17, 12, 2, '2024-09-07 15:01:47', '2025-01-22 13:02:53', 'cancelled');
insert into appointments (appointment_id, client_id, employee_id, service_id, appointment_date, start_time, status) values (50, 88, 41, 3, '2024-07-20 14:35:36', '2024-11-25 14:27:52', 'completed');
insert into appointments (appointment_id, client_id, employee_id, service_id, appointment_date, start_time, status) values (51, 12, 80, 3, '2025-02-14 18:09:42', '2024-11-15 16:38:38', 'scheduled');
insert into appointments (appointment_id, client_id, employee_id, service_id, appointment_date, start_time, status) values (52, 48, 95, 1, '2024-06-10 23:23:52', '2024-11-12 16:12:38', 'scheduled');
insert into appointments (appointment_id, client_id, employee_id, service_id, appointment_date, start_time, status) values (53, 4, 59, 1, '2024-06-23 15:53:45', '2024-05-19 21:58:41', 'scheduled');
insert into appointments (appointment_id, client_id, employee_id, service_id, appointment_date, start_time, status) values (54, 3, 59, 2, '2024-11-21 14:18:33', '2024-07-31 09:06:47', 'cancelled');
insert into appointments (appointment_id, client_id, employee_id, service_id, appointment_date, start_time, status) values (55, 44, 25, 1, '2024-05-27 10:11:19', '2024-05-16 07:02:23', 'cancelled');
insert into appointments (appointment_id, client_id, employee_id, service_id, appointment_date, start_time, status) values (56, 66, 42, 3, '2025-04-22 04:06:15', '2024-11-27 05:02:35', 'cancelled');
insert into appointments (appointment_id, client_id, employee_id, service_id, appointment_date, start_time, status) values (57, 73, 81, 3, '2024-12-30 20:16:49', '2024-10-17 20:44:23', 'cancelled');
insert into appointments (appointment_id, client_id, employee_id, service_id, appointment_date, start_time, status) values (58, 48, 37, 1, '2025-01-02 18:37:23', '2024-10-25 13:15:04', 'completed');
insert into appointments (appointment_id, client_id, employee_id, service_id, appointment_date, start_time, status) values (59, 72, 68, 3, '2025-02-09 21:28:56', '2024-10-12 21:50:27', 'cancelled');
insert into appointments (appointment_id, client_id, employee_id, service_id, appointment_date, start_time, status) values (60, 57, 73, 1, '2024-06-12 12:53:10', '2024-09-19 17:19:33', 'scheduled');
insert into appointments (appointment_id, client_id, employee_id, service_id, appointment_date, start_time, status) values (61, 91, 46, 2, '2024-06-12 07:57:24', '2024-12-17 04:23:53', 'completed');
insert into appointments (appointment_id, client_id, employee_id, service_id, appointment_date, start_time, status) values (62, 52, 14, 3, '2024-11-02 10:40:52', '2024-10-07 21:43:01', 'completed');
insert into appointments (appointment_id, client_id, employee_id, service_id, appointment_date, start_time, status) values (63, 83, 17, 3, '2024-05-25 10:49:17', '2024-08-11 01:28:05', 'completed');
insert into appointments (appointment_id, client_id, employee_id, service_id, appointment_date, start_time, status) values (64, 95, 37, 1, '2025-03-07 02:08:20', '2024-08-12 10:48:14', 'cancelled');
insert into appointments (appointment_id, client_id, employee_id, service_id, appointment_date, start_time, status) values (65, 61, 13, 3, '2024-09-10 11:20:17', '2024-11-23 21:08:56', 'cancelled');
insert into appointments (appointment_id, client_id, employee_id, service_id, appointment_date, start_time, status) values (66, 74, 70, 2, '2024-11-11 16:57:30', '2024-09-04 18:13:55', 'cancelled');
insert into appointments (appointment_id, client_id, employee_id, service_id, appointment_date, start_time, status) values (67, 2, 47, 1, '2024-12-21 02:55:59', '2024-08-17 12:01:39', 'completed');
insert into appointments (appointment_id, client_id, employee_id, service_id, appointment_date, start_time, status) values (68, 43, 91, 3, '2024-05-15 17:00:02', '2024-11-13 23:52:14', 'scheduled');
insert into appointments (appointment_id, client_id, employee_id, service_id, appointment_date, start_time, status) values (69, 4, 23, 1, '2024-12-18 00:54:46', '2025-01-17 05:28:44', 'completed');
insert into appointments (appointment_id, client_id, employee_id, service_id, appointment_date, start_time, status) values (70, 61, 3, 1, '2024-08-27 03:15:07', '2024-10-11 20:28:16', 'scheduled');
insert into appointments (appointment_id, client_id, employee_id, service_id, appointment_date, start_time, status) values (71, 3, 82, 2, '2025-03-02 23:08:08', '2024-07-26 15:38:24', 'scheduled');
insert into appointments (appointment_id, client_id, employee_id, service_id, appointment_date, start_time, status) values (72, 6, 97, 1, '2025-01-19 13:46:05', '2025-03-29 01:58:45', 'scheduled');
insert into appointments (appointment_id, client_id, employee_id, service_id, appointment_date, start_time, status) values (73, 6, 49, 2, '2024-08-09 11:54:54', '2024-10-14 00:05:28', 'scheduled');
insert into appointments (appointment_id, client_id, employee_id, service_id, appointment_date, start_time, status) values (74, 59, 38, 3, '2024-11-18 04:11:26', '2024-07-22 03:10:21', 'cancelled');
insert into appointments (appointment_id, client_id, employee_id, service_id, appointment_date, start_time, status) values (75, 73, 24, 2, '2024-10-14 21:30:25', '2025-03-20 01:10:18', 'completed');
insert into appointments (appointment_id, client_id, employee_id, service_id, appointment_date, start_time, status) values (76, 74, 6, 1, '2024-05-23 15:59:37', '2025-03-18 14:45:29', 'completed');
insert into appointments (appointment_id, client_id, employee_id, service_id, appointment_date, start_time, status) values (77, 42, 20, 3, '2024-05-18 00:38:57', '2024-06-04 10:47:11', 'scheduled');
insert into appointments (appointment_id, client_id, employee_id, service_id, appointment_date, start_time, status) values (78, 50, 3, 2, '2024-05-23 15:33:42', '2024-09-29 20:33:39', 'cancelled');
insert into appointments (appointment_id, client_id, employee_id, service_id, appointment_date, start_time, status) values (79, 68, 51, 2, '2024-10-27 03:54:21', '2024-07-12 03:10:51', 'scheduled');
insert into appointments (appointment_id, client_id, employee_id, service_id, appointment_date, start_time, status) values (80, 67, 9, 2, '2024-08-04 08:51:12', '2024-12-29 08:56:19', 'cancelled');
insert into appointments (appointment_id, client_id, employee_id, service_id, appointment_date, start_time, status) values (81, 14, 1, 2, '2024-06-16 17:26:40', '2024-08-26 15:51:16', 'completed');
insert into appointments (appointment_id, client_id, employee_id, service_id, appointment_date, start_time, status) values (82, 86, 24, 3, '2025-01-26 01:03:31', '2024-12-10 11:21:47', 'cancelled');
insert into appointments (appointment_id, client_id, employee_id, service_id, appointment_date, start_time, status) values (83, 91, 76, 1, '2024-10-12 13:24:56', '2024-07-01 13:54:46', 'completed');
insert into appointments (appointment_id, client_id, employee_id, service_id, appointment_date, start_time, status) values (84, 97, 18, 2, '2024-06-25 01:56:34', '2024-12-31 03:57:52', 'completed');
insert into appointments (appointment_id, client_id, employee_id, service_id, appointment_date, start_time, status) values (85, 11, 94, 2, '2024-10-19 09:18:43', '2024-10-27 11:02:18', 'scheduled');
insert into appointments (appointment_id, client_id, employee_id, service_id, appointment_date, start_time, status) values (86, 25, 67, 2, '2024-08-18 23:12:04', '2024-12-21 21:21:48', 'scheduled');
insert into appointments (appointment_id, client_id, employee_id, service_id, appointment_date, start_time, status) values (87, 49, 93, 3, '2025-03-17 19:26:48', '2025-04-12 02:21:28', 'cancelled');
insert into appointments (appointment_id, client_id, employee_id, service_id, appointment_date, start_time, status) values (88, 61, 90, 2, '2024-09-15 19:13:08', '2024-07-25 06:30:34', 'scheduled');
insert into appointments (appointment_id, client_id, employee_id, service_id, appointment_date, start_time, status) values (89, 81, 77, 3, '2024-08-04 20:19:20', '2025-03-16 08:46:14', 'completed');
insert into appointments (appointment_id, client_id, employee_id, service_id, appointment_date, start_time, status) values (90, 98, 69, 1, '2024-10-26 17:20:33', '2024-12-26 12:10:26', 'scheduled');
insert into appointments (appointment_id, client_id, employee_id, service_id, appointment_date, start_time, status) values (91, 81, 39, 1, '2024-09-09 23:53:02', '2024-08-24 20:54:46', 'completed');
insert into appointments (appointment_id, client_id, employee_id, service_id, appointment_date, start_time, status) values (92, 41, 92, 1, '2025-01-24 21:49:14', '2024-08-16 18:59:39', 'scheduled');
insert into appointments (appointment_id, client_id, employee_id, service_id, appointment_date, start_time, status) values (93, 57, 86, 2, '2024-08-03 12:41:06', '2025-04-25 14:59:20', 'completed');
insert into appointments (appointment_id, client_id, employee_id, service_id, appointment_date, start_time, status) values (94, 50, 9, 2, '2025-01-05 17:02:59', '2024-09-29 16:01:40', 'scheduled');
insert into appointments (appointment_id, client_id, employee_id, service_id, appointment_date, start_time, status) values (95, 95, 65, 1, '2024-09-27 08:34:25', '2024-06-01 07:11:42', 'scheduled');
insert into appointments (appointment_id, client_id, employee_id, service_id, appointment_date, start_time, status) values (96, 32, 62, 1, '2025-01-01 18:39:17', '2024-09-11 03:41:41', 'scheduled');
insert into appointments (appointment_id, client_id, employee_id, service_id, appointment_date, start_time, status) values (97, 46, 87, 1, '2024-07-17 21:29:59', '2024-05-18 15:05:59', 'completed');
insert into appointments (appointment_id, client_id, employee_id, service_id, appointment_date, start_time, status) values (98, 95, 31, 3, '2025-04-08 23:40:13', '2024-06-17 14:57:43', 'cancelled');
insert into appointments (appointment_id, client_id, employee_id, service_id, appointment_date, start_time, status) values (99, 24, 82, 2, '2024-12-04 18:00:46', '2025-01-09 13:46:37', 'completed');
insert into appointments (appointment_id, client_id, employee_id, service_id, appointment_date, start_time, status) values (100, 4, 57, 3, '2025-01-31 23:14:25', '2024-10-27 05:55:37', 'cancelled');


insert into feedback (feedback_id, appointment_id, rating) values (1, 1, 2);
insert into feedback (feedback_id, appointment_id, rating) values (2, 2, 5);
insert into feedback (feedback_id, appointment_id, rating) values (3, 3, 5);
insert into feedback (feedback_id, appointment_id, rating) values (4, 4, 2);
insert into feedback (feedback_id, appointment_id, rating) values (5, 5, 4);
insert into feedback (feedback_id, appointment_id, rating) values (6, 6, 1);
insert into feedback (feedback_id, appointment_id, rating) values (7, 7, 4);
insert into feedback (feedback_id, appointment_id, rating) values (8, 8, 1);
insert into feedback (feedback_id, appointment_id, rating) values (9, 9, 2);
insert into feedback (feedback_id, appointment_id, rating) values (10, 10, 5);
insert into feedback (feedback_id, appointment_id, rating) values (11, 11, 5);
insert into feedback (feedback_id, appointment_id, rating) values (12, 12, 2);
insert into feedback (feedback_id, appointment_id, rating) values (13, 13, 2);
insert into feedback (feedback_id, appointment_id, rating) values (14, 14, 2);
insert into feedback (feedback_id, appointment_id, rating) values (15, 15, 3);
insert into feedback (feedback_id, appointment_id, rating) values (16, 16, 1);
insert into feedback (feedback_id, appointment_id, rating) values (17, 17, 3);
insert into feedback (feedback_id, appointment_id, rating) values (18, 18, 4);
insert into feedback (feedback_id, appointment_id, rating) values (19, 19, 5);
insert into feedback (feedback_id, appointment_id, rating) values (20, 20, 1);
insert into feedback (feedback_id, appointment_id, rating) values (21, 21, 2);
insert into feedback (feedback_id, appointment_id, rating) values (22, 22, 3);
insert into feedback (feedback_id, appointment_id, rating) values (23, 23, 4);
insert into feedback (feedback_id, appointment_id, rating) values (24, 24, 3);
insert into feedback (feedback_id, appointment_id, rating) values (25, 25, 3);
insert into feedback (feedback_id, appointment_id, rating) values (26, 26, 4);
insert into feedback (feedback_id, appointment_id, rating) values (27, 27, 1);
insert into feedback (feedback_id, appointment_id, rating) values (28, 28, 2);
insert into feedback (feedback_id, appointment_id, rating) values (29, 29, 4);
insert into feedback (feedback_id, appointment_id, rating) values (30, 30, 5);
insert into feedback (feedback_id, appointment_id, rating) values (31, 31, 5);
insert into feedback (feedback_id, appointment_id, rating) values (32, 32, 3);
insert into feedback (feedback_id, appointment_id, rating) values (33, 33, 2);
insert into feedback (feedback_id, appointment_id, rating) values (34, 34, 3);
insert into feedback (feedback_id, appointment_id, rating) values (35, 35, 4);
insert into feedback (feedback_id, appointment_id, rating) values (36, 36, 1);
insert into feedback (feedback_id, appointment_id, rating) values (37, 37, 3);
insert into feedback (feedback_id, appointment_id, rating) values (38, 38, 5);
insert into feedback (feedback_id, appointment_id, rating) values (39, 39, 4);
insert into feedback (feedback_id, appointment_id, rating) values (40, 40, 3);
insert into feedback (feedback_id, appointment_id, rating) values (41, 41, 3);
insert into feedback (feedback_id, appointment_id, rating) values (42, 42, 5);
insert into feedback (feedback_id, appointment_id, rating) values (43, 43, 2);
insert into feedback (feedback_id, appointment_id, rating) values (44, 44, 2);
insert into feedback (feedback_id, appointment_id, rating) values (45, 45, 5);
insert into feedback (feedback_id, appointment_id, rating) values (46, 46, 5);
insert into feedback (feedback_id, appointment_id, rating) values (47, 47, 1);
insert into feedback (feedback_id, appointment_id, rating) values (48, 48, 1);
insert into feedback (feedback_id, appointment_id, rating) values (49, 49, 4);
insert into feedback (feedback_id, appointment_id, rating) values (50, 50, 1);
insert into feedback (feedback_id, appointment_id, rating) values (51, 51, 4);
insert into feedback (feedback_id, appointment_id, rating) values (52, 52, 2);
insert into feedback (feedback_id, appointment_id, rating) values (53, 53, 3);
insert into feedback (feedback_id, appointment_id, rating) values (54, 54, 2);
insert into feedback (feedback_id, appointment_id, rating) values (55, 55, 2);
insert into feedback (feedback_id, appointment_id, rating) values (56, 56, 1);
insert into feedback (feedback_id, appointment_id, rating) values (57, 57, 4);
insert into feedback (feedback_id, appointment_id, rating) values (58, 58, 5);
insert into feedback (feedback_id, appointment_id, rating) values (59, 59, 4);
insert into feedback (feedback_id, appointment_id, rating) values (60, 60, 3);
insert into feedback (feedback_id, appointment_id, rating) values (61, 61, 5);
insert into feedback (feedback_id, appointment_id, rating) values (62, 62, 4);
insert into feedback (feedback_id, appointment_id, rating) values (63, 63, 4);
insert into feedback (feedback_id, appointment_id, rating) values (64, 64, 4);
insert into feedback (feedback_id, appointment_id, rating) values (65, 65, 2);
insert into feedback (feedback_id, appointment_id, rating) values (66, 66, 3);
insert into feedback (feedback_id, appointment_id, rating) values (67, 67, 5);
insert into feedback (feedback_id, appointment_id, rating) values (68, 68, 4);
insert into feedback (feedback_id, appointment_id, rating) values (69, 69, 4);
insert into feedback (feedback_id, appointment_id, rating) values (70, 70, 1);
insert into feedback (feedback_id, appointment_id, rating) values (71, 71, 1);
insert into feedback (feedback_id, appointment_id, rating) values (72, 72, 1);
insert into feedback (feedback_id, appointment_id, rating) values (73, 73, 5);
insert into feedback (feedback_id, appointment_id, rating) values (74, 74, 5);
insert into feedback (feedback_id, appointment_id, rating) values (75, 75, 3);
insert into feedback (feedback_id, appointment_id, rating) values (76, 76, 4);
insert into feedback (feedback_id, appointment_id, rating) values (77, 77, 1);
insert into feedback (feedback_id, appointment_id, rating) values (78, 78, 4);
insert into feedback (feedback_id, appointment_id, rating) values (79, 79, 4);
insert into feedback (feedback_id, appointment_id, rating) values (80, 80, 5);
insert into feedback (feedback_id, appointment_id, rating) values (81, 81, 5);
insert into feedback (feedback_id, appointment_id, rating) values (82, 82, 3);
insert into feedback (feedback_id, appointment_id, rating) values (83, 83, 2);
insert into feedback (feedback_id, appointment_id, rating) values (84, 84, 4);
insert into feedback (feedback_id, appointment_id, rating) values (85, 85, 4);
insert into feedback (feedback_id, appointment_id, rating) values (86, 86, 3);
insert into feedback (feedback_id, appointment_id, rating) values (87, 87, 1);
insert into feedback (feedback_id, appointment_id, rating) values (88, 88, 4);
insert into feedback (feedback_id, appointment_id, rating) values (89, 89, 4);
insert into feedback (feedback_id, appointment_id, rating) values (90, 90, 5);
insert into feedback (feedback_id, appointment_id, rating) values (91, 91, 2);
insert into feedback (feedback_id, appointment_id, rating) values (92, 92, 1);
insert into feedback (feedback_id, appointment_id, rating) values (93, 93, 5);
insert into feedback (feedback_id, appointment_id, rating) values (94, 94, 2);
insert into feedback (feedback_id, appointment_id, rating) values (95, 95, 5);
insert into feedback (feedback_id, appointment_id, rating) values (96, 96, 4);
insert into feedback (feedback_id, appointment_id, rating) values (97, 97, 1);
insert into feedback (feedback_id, appointment_id, rating) values (98, 98, 3);
insert into feedback (feedback_id, appointment_id, rating) values (99, 99, 2);
insert into feedback (feedback_id, appointment_id, rating) values (100, 100, 4);
